antecedents,consequents,antecedent support,consequent support,support,confidence,lift,representativity,leverage,conviction,zhangs_metric,jaccard,certainty,kulczynski
"time_of_day_Night, weather_bucket_Clouds, weekday_type_Weekend",congestion_level_Low,0.018459642637091805,0.25000616142945165,0.01678373382624769,0.9092122830440589,3.636759501627828,1.0,0.012168709429188927,8.260961545431494,0.7386654339917554,0.06668625146886016,0.8789487162601521,0.48817278190057833
"time_of_day_Night, weather_bucket_LowVisibility, weekday_type_Weekend",congestion_level_Low,0.009685767097966728,0.25000616142945165,0.008798521256931608,0.9083969465648855,3.6334982360873647,1.0,0.006377019804269267,8.187432737728482,0.7318718737308273,0.035068762278978385,0.8778615920236018,0.4717950821152503
"time_of_day_Night, weather_bucket_Precipitation, weekday_type_Weekend",congestion_level_Low,0.012347504621072088,0.25000616142945165,0.011164510166358596,0.9041916167664672,3.6166773314569602,1.0,0.008077557932811948,7.828060690080109,0.7325482625355014,0.04444662480376767,0.8722544395616117,0.47442427841477935
"time_of_day_Night, weekday_type_Weekend",congestion_level_Low,0.07179297597042514,0.25000616142945165,0.06434996919285274,0.8963268108479231,3.5852188830988245,1.0,0.046401282852889886,7.234212091907309,0.776849326878776,0.24995213478843578,0.861767945521162,0.5768601719854758
"time_of_day_Night, weather_bucket_Clear, weekday_type_Weekend",congestion_level_Low,0.030191004313000615,0.25000616142945165,0.026568083795440543,0.88,3.5199132492113563,1.0,0.01902014669744724,6.2499486547545695,0.7381887489892572,0.10475172480808476,0.8399986855509185,0.493134858044164
"time_of_day_Morning Rush, weather_bucket_LowVisibility, weekday_type_Weekday",congestion_level_Severe,0.020234134319162045,0.24995686999383857,0.01747381392483056,0.8635809987819733,3.4549200380180007,1.0,0.012416153043377906,5.498084015491596,0.7252321452532511,0.06914374878096353,0.8181184577786799,0.466744157446597
"time_of_day_Night, weather_bucket_Clouds",congestion_level_Low,0.0684411583487369,0.25000616142945165,0.05882932840418977,0.8595606769895572,3.4381579720870743,1.0,0.04171861712163679,5.340340742847216,0.7612472231004701,0.22659958230491742,0.81274603098325,0.5474360955925703
"time_of_day_Night, weather_bucket_Precipitation",congestion_level_Low,0.04660505237215034,0.25000616142945165,0.039950708564386934,0.857218402961396,3.4287891068768372,1.0,0.02829915831760707,5.252734624951502,0.7429783970354458,0.1556558478970616,0.8096229732890355,0.5085086494302248
"time_of_day_Night, weather_bucket_Clear",congestion_level_Low,0.0969562538508934,0.25000616142945165,0.08308071472581639,0.8568886629384851,3.427470179291111,1.0,0.05884105387397504,5.2406319021963395,0.7842805219444987,0.3148407583823667,0.8091833163132671,0.5946016658541006
time_of_day_Night,congestion_level_Low,0.2510659272951325,0.25000616142945165,0.21422057917436846,0.8532443310101109,3.412893210837465,1.0,0.15145255042558659,5.110493132788076,0.9439996054101575,0.7467995532262222,0.8043241671563619,0.8550527648741406
"time_of_day_Evening, weather_bucket_Clouds, weekday_type_Weekday",congestion_level_Medium,0.04364756623536661,0.25000616142945165,0.03711645101663586,0.8503670242800677,3.401384267563461,1.0,0.026204290526394114,5.012222973994116,0.7382237192178952,0.1446824863099241,0.8004877266656945,0.4994145846952389
"time_of_day_Night, weather_bucket_Clear, weekday_type_Weekday",congestion_level_Low,0.06676524953789278,0.25000616142945165,0.05651263093037585,0.8464377999261721,3.3856677574925502,1.0,0.0398209071765278,4.8839742997298465,0.7550482778703491,0.21714015151515154,0.7952487178207891,0.53624137630378
"time_of_day_Morning Rush, weather_bucket_Clear, weekday_type_Weekday",congestion_level_Severe,0.03433148490449784,0.24995686999383857,0.02895871842267406,0.8435032304379039,3.3745951069826416,1.0,0.020377327913705064,4.792706789443042,0.7286849910456062,0.11341698841698841,0.7913496393723244,0.47967904570603537
"time_of_day_Night, weather_bucket_Clouds, weekday_type_Weekday",congestion_level_Low,0.0499815157116451,0.25000616142945165,0.04204559457794208,0.8412228796844181,3.364808590614675,1.0,0.029549907692447863,4.723563678947428,0.7397816845810344,0.16300401299445824,0.7882954337088911,0.504700556561452
"time_of_day_Night, weather_bucket_Precipitation, weekday_type_Weekday",congestion_level_Low,0.03425754775107825,0.25000616142945165,0.028786198398028342,0.8402877697841727,3.3610682431972405,1.0,0.020221600384795126,4.6959073676264085,0.7273942887706891,0.11267605633802814,0.787048610265611,0.4777148628100674
"time_of_day_Evening, weather_bucket_Clouds",congestion_level_Medium,0.06121996303142329,0.25000616142945165,0.05141096734442391,0.8397745571658616,3.3590154433167223,1.0,0.036105599384084835,4.68086606786242,0.7480918745499028,0.19787516600265603,0.7863643211529306,0.5227066792138456
"time_of_day_Evening, weather_bucket_Precipitation, weekday_type_Weekend",congestion_level_Medium,0.008133086876155268,0.25000616142945165,0.006826863832409119,0.8393939393939395,3.357493009750502,1.0,0.0047935420019292905,4.669772957137379,0.7079162691690292,0.027164852407570852,0.7858568266211788,0.4333503608641622
"time_of_day_Night, weekday_type_Weekday",congestion_level_Low,0.17927295132470733,0.25000616142945165,0.14987060998151572,0.8359912015397306,3.343882393777067,1.0,0.1050512675726967,4.572887830479607,0.8540554638937115,0.5363852871129928,0.7813198055428533,0.7177294335774362
"time_of_day_Evening, weather_bucket_Clear, weekday_type_Weekend",congestion_level_Medium,0.018927911275415897,0.25000616142945165,0.015650030807147258,0.8268229166666666,3.307210158098383,1.0,0.010917936365303292,4.330791488888579,0.7110897877534695,0.06178845966721806,0.7690953252850711,0.4447107485541535
"time_of_day_Night, weather_bucket_LowVisibility",congestion_level_Low,0.035736290819470114,0.25000616142945165,0.029476278496611212,0.8248275862068966,3.2992290329598606,1.0,0.020541985605108934,4.28146088947754,0.7227264470492696,0.115022119638392,0.7664348628157086,0.4713648972043947
"time_of_day_Midday, weather_bucket_Clouds, weekday_type_Weekend",congestion_level_High,0.03194085027726432,0.25003080714725817,0.02632162661737523,0.8240740740740742,3.295890148403702,1.0,0.018335430041581106,4.262982780426114,0.7195756888705432,0.10295960667116552,0.7654224632124732,0.46467380391727364
"time_of_day_Morning Rush, weekday_type_Weekday",congestion_level_Severe,0.11746149106592729,0.24995686999383857,0.09673444239063463,0.8235417540914813,3.2947354242025098,1.0,0.06737413573898621,4.250541685623502,0.7891842512637378,0.3573704816534644,0.7647358680465894,0.6052731448430193
"time_of_day_Evening, weather_bucket_Precipitation",congestion_level_Medium,0.031078250154035737,0.25000616142945165,0.0255822550831793,0.8231562252180809,3.2925437537681024,1.0,0.01781250105822456,4.240996549046912,0.7186168120452661,0.10012539789717372,0.76420636318963,0.4627413618203969
"time_of_day_Evening, weekday_type_Weekend",congestion_level_Medium,0.048207024029574864,0.25000616142945165,0.039654959950708564,0.8225971370143149,3.2903074560682004,1.0,0.027602906919137214,4.227630974766549,0.731332392555914,0.1533695548565437,0.7634609061271673,0.490606533806842
time_of_day_Evening,congestion_level_Medium,0.16936537276648184,0.25000616142945165,0.13905113986444856,0.8210128055878929,3.2839702865466043,1.0,0.09670875314003224,4.190209478582771,0.8373002074137132,0.4960436082292949,0.7613484468709131,0.6886018286614544
"time_of_day_Evening, weekday_type_Weekday",congestion_level_Medium,0.12115834873690697,0.25000616142945165,0.09939617991373999,0.8203824247355573,3.2814488252804845,1.0,0.06910584622089502,4.175503635801602,0.7911056104087908,0.3657386415162782,0.7605079321627695,0.608978672935602
"time_of_day_Evening, weather_bucket_Precipitation, weekday_type_Weekday",congestion_level_Medium,0.02294516327788047,0.25000616142945165,0.01875539125077018,0.8174006444683136,3.2695219981567254,1.0,0.013018959056295267,4.1073191982892965,0.7104461971732386,0.07378320729106069,0.7565321924781251,0.4462101802783208
"time_of_day_Evening, weather_bucket_Clear",congestion_level_Medium,0.06398028342575478,0.25000616142945165,0.052051756007393715,0.8135593220338982,3.254157087098326,1.0,0.0360562909409524,4.022694225060213,0.7400493255044454,0.1987203613097478,0.7514103871553818,0.5108806073891888
"time_of_day_Evening, weather_bucket_Clouds, weekday_type_Weekend",congestion_level_Medium,0.017572396796056686,0.25000616142945165,0.014294516327788047,0.8134642356241234,3.2537767508328868,1.0,0.00990130885769072,4.020643660908277,0.7050543340040379,0.05643670331808893,0.7512836042341299,0.43532044588777147
"time_of_day_Morning Rush, weather_bucket_Clouds, weekday_type_Weekday",congestion_level_Severe,0.039211337030191,0.24995686999383857,0.03186691312384473,0.8126964173475801,3.251346591784467,1.0,0.022065770051504688,4.004424898791284,0.7206945233366805,0.12385057471264366,0.7502762505792417,0.47009303218000187
"time_of_day_Midday, weather_bucket_Clear, weekday_type_Weekend",congestion_level_High,0.02168823166974738,0.25003080714725817,0.017621688231669746,0.8124999999999999,3.2495995564317393,1.0,0.012198962161686082,3.999835695214621,0.7076167314232562,0.06935014548981572,0.7499897305290829,0.44148903400689987
"time_of_day_Evening, weather_bucket_Clear, weekday_type_Weekday",congestion_level_Medium,0.04505237215033888,0.25000616142945165,0.036401725200246454,0.8079868708971553,3.2318678318860483,1.0,0.0251383545756491,3.905950817398751,0.7231615494149073,0.14073368270605047,0.7439803912671971,0.47679509159999717
"time_of_day_Midday, weekday_type_Weekend",congestion_level_High,0.07127541589648799,0.25003080714725817,0.0574245224892175,0.8056708160442599,3.2222861863968304,1.0,0.03960347272286209,3.859272074252898,0.7425897243768008,0.21761464462501165,0.7408837778835309,0.5176703020586011
"time_of_day_Night, weather_bucket_LowVisibility, weekday_type_Weekday",congestion_level_Low,0.026050523721503387,0.25000616142945165,0.020677757239679604,0.793755912961211,3.1749454030363893,1.0,0.014164965800839669,3.6364380154544476,0.7033567660753075,0.08096892491796949,0.7250056248036915,0.43823245174874426
"time_of_day_Midday, weather_bucket_Precipitation, weekday_type_Weekend",congestion_level_High,0.012224276032039433,0.25003080714725817,0.009537892791127541,0.780241935483871,3.1205831968711744,1.0,0.006481447188045839,3.4127038500455047,0.6879568536894156,0.037741369221767115,0.7069772110502158,0.40919440293168413
"time_of_day_Morning Rush, weather_bucket_Precipitation, weekday_type_Weekday",congestion_level_Severe,0.022895871842267407,0.24995686999383857,0.0177449168207024,0.7750269106566199,3.1006425655583074,1.0,0.012021936359229178,3.333923769261835,0.6933613171007864,0.06955849676359771,0.7000531298226383,0.42300941273316106
"time_of_day_Evening Rush, weather_bucket_Clouds, weekday_type_Weekend",congestion_level_High,0.021072088724584104,0.25003080714725817,0.016069008009858287,0.7625730994152047,3.0499165607463707,1.0,0.010800336657771886,3.158737240832977,0.6865900645005839,0.06300734441437958,0.6834177952274706,0.4134206058929153
"time_of_day_Evening Rush, weather_bucket_Clear, weekday_type_Weekend",congestion_level_High,0.014688847812692545,0.25003080714725817,0.01106592729513247,0.7533557046979865,3.013051524703874,1.0,0.007393262820461715,3.0406914213621365,0.6780706307336964,0.04362611737271667,0.671127430763089,0.39880697999808146
"time_of_day_Evening, weather_bucket_LowVisibility",congestion_level_Medium,0.010918052988293283,0.25000616142945165,0.008207024029574862,0.7516930022573365,3.006697906801205,1.0,0.005477443511688305,3.0204297316977557,0.6747764658907888,0.03247513165593914,0.668921283118906,0.39226014466179127
"time_of_day_Evening, weather_bucket_LowVisibility, weekday_type_Weekday",congestion_level_Medium,0.00793592113370302,0.25000616142945165,0.005890326555760937,0.7422360248447205,2.968870929423751,1.0,0.003906297375716983,2.9096146508399587,0.6684765926643687,0.02336951207587758,0.6563118763127908,0.3828983751983855
"time_of_day_Evening Rush, weekday_type_Weekend",congestion_level_High,0.04727048675292668,0.25003080714725817,0.03482439926062847,0.7367049009384776,2.9464565160747886,1.0,0.023005321303550437,2.84839784532982,0.6933859718681775,0.13267605633802818,0.6489254471107042,0.4379926673248327
"time_of_day_Morning Rush, weather_bucket_LowVisibility, weekday_type_Weekend",congestion_level_Medium,0.007492298213185459,0.25000616142945165,0.005077017868145409,0.6776315789473684,2.710459514569151,1.0,0.0032038971515821733,2.3265114992392517,0.6358226414102706,0.020113259129076348,0.5701719074558664,0.3489695749626432
"time_of_day_Evening Rush, weather_bucket_Precipitation, weekday_type_Weekend",congestion_level_High,0.008330252618607517,0.25003080714725817,0.005619223659889094,0.6745562130177515,2.6978923945978575,1.0,0.003536403873918096,2.3044507925838795,0.6346268970385553,0.022233057045343733,0.5660571259676394,0.34851516910128577
"time_of_day_Morning Rush, weather_bucket_Clear, weekday_type_Weekend",congestion_level_Medium,0.015822550831792976,0.25000616142945165,0.010449784349969193,0.660436137071651,2.641679442200536,1.0,0.006494049152490254,2.2086974512031743,0.6314439894370241,0.04091874155568423,0.5472444632671368,0.35111712216358576
"time_of_day_Morning Rush, weekday_type_Weekend",congestion_level_Medium,0.04724584103512015,0.25000616142945165,0.030363524337646334,0.6426708398539385,2.5706200046405314,1.0,0.018551772976949876,2.098887866481374,0.641286929739514,0.11376858435681965,0.5235572057136983,0.38206097197744243
"time_of_day_Midday, weather_bucket_LowVisibility",congestion_level_High,0.018188539741219964,0.25003080714725817,0.011534195933456563,0.6341463414634146,2.5362728245320896,1.0,0.006986500661129352,2.0499157937974943,0.6169419229514116,0.04493518963034085,0.5121750839591865,0.3401387202634964
"time_of_day_Morning Rush, weather_bucket_LowVisibility",congestion_level_Severe,0.027726432532347505,0.24995686999383857,0.01747381392483056,0.6302222222222222,2.5213238677446923,1.0,0.010543401632949638,2.028361829944547,0.6205897021993166,0.06715286986171623,0.5069913142531681,0.35006476916672147
"time_of_day_Morning Rush, weather_bucket_Clouds, weekday_type_Weekend",congestion_level_Medium,0.015378927911275415,0.25000616142945165,0.009685767097966728,0.6298076923076923,2.519168682510313,1.0,0.0058409403639685074,2.02595738211265,0.6124626713525596,0.03787951807228915,0.5064062014190994,0.3342749029361805
"time_of_day_Midday, weather_bucket_Precipitation",congestion_level_High,0.04640788662969809,0.25003080714725817,0.02873690696241528,0.6192246415294742,2.4765933790101937,1.0,0.017133505610393417,1.9695843656090835,0.6252353990941169,0.10734671331246547,0.4922786667781273,0.3670790531452201
"time_of_day_Midday, weather_bucket_LowVisibility, weekday_type_Weekday",congestion_level_High,0.013160813308687616,0.25003080714725817,0.007886629698089957,0.5992509363295879,2.3967084023236107,1.0,0.004596020923804414,1.87141845319329,0.5905329849404359,0.030891012646008298,0.46564596587489415,0.315396784083966
time_of_day_Morning Rush,congestion_level_Severe,0.16470733210104743,0.24995686999383857,0.09673444239063463,0.5873110878348048,2.3496497129656086,1.0,0.05556471319362112,1.8174540383724356,0.6876687281668786,0.3042635658914729,0.4497797584496173,0.48715781171468103
"time_of_day_Morning Rush, weather_bucket_Clouds",congestion_level_Severe,0.05459026494146642,0.24995686999383857,0.03186691312384473,0.5837471783295711,2.3353916151372855,1.0,0.018221701366941404,1.8018932027805288,0.604823780410601,0.11686550976138826,0.4450281523583724,0.35561841267099736
time_of_day_Midday,congestion_level_High,0.24884781269254466,0.25003080714725817,0.1449414664202095,0.5824502327423988,2.3295138682624774,1.0,0.08272184695586283,1.7961192932244157,0.7598006055731028,0.4095118724322819,0.443244107575512,0.5810723317482325
"time_of_day_Midday, weather_bucket_Clear",congestion_level_High,0.07139864448552063,0.25003080714725817,0.0415033887861984,0.5812909906800139,2.324877471349587,1.0,0.023651528076263542,1.791146538907167,0.6136861653927347,0.14826553970769504,0.44169838800005135,0.3736420453646496
"time_of_day_Morning Rush, weather_bucket_Clear",congestion_level_Severe,0.05015403573629082,0.24995686999383857,0.02895871842267406,0.5773955773955773,2.3099808275316063,1.0,0.016422372632471684,1.77481135995644,0.5970399364020803,0.10679876386111616,0.43655983809764237,0.3466252191848721
"time_of_day_Morning Rush, weather_bucket_Precipitation",congestion_level_Severe,0.031028958718422674,0.24995686999383857,0.0177449168207024,0.5718824463860206,2.2879244983349225,1.0,0.009989015420277442,1.7519560309420354,0.5809488786018697,0.06740941859376462,0.42920941944970215,0.3214371805978614
"time_of_day_Midday, weather_bucket_Precipitation, weekday_type_Weekday",congestion_level_High,0.034183610597658655,0.25003080714725817,0.019199014171287738,0.5616438356164384,2.24629853426683,1.0,0.010652058422347576,1.7108672211953175,0.5744603250870725,0.07244489909792615,0.4155011051638839,0.31921521499895356
"time_of_day_Midday, weather_bucket_Clouds",congestion_level_High,0.11090573012939002,0.25003080714725817,0.06213185459026494,0.5602222222222222,2.240612781337276,1.0,0.034402005368757566,1.705336719473137,0.6227613205003129,0.20793467502474428,0.41360554277576944,0.40435950933683806
"time_of_day_Evening Rush, weather_bucket_Clouds, weekday_type_Weekday",congestion_level_Severe,0.056487985212569314,0.24995686999383857,0.029525569932224275,0.5226876090750436,2.091111194855048,1.0,0.015406009956232211,1.5713883491536764,0.5530245992883942,0.10662157351370595,0.3636200748601812,0.32040513366392687
"time_of_day_Midday, weather_bucket_Clouds, weekday_type_Weekday",congestion_level_Severe,0.07896487985212569,0.24995686999383857,0.04108441158348737,0.5202871410736579,2.081507666048479,1.0,0.021346597376210506,1.5635251714637222,0.5641250653297132,0.14273482318691671,0.36041963490499357,0.3423265719172273
"time_of_day_Midday, weather_bucket_Clear, weekday_type_Weekday",congestion_level_Severe,0.04971041281577326,0.24995686999383857,0.025089340727048676,0.5047099652949926,2.0191882115799964,1.0,0.012663881533516394,1.5143513445669945,0.5311554221227308,0.09137420339287318,0.33965126152020253,0.3025423224226886
"time_of_day_Evening Rush, weekday_type_Weekday",congestion_level_Severe,0.11874306839186691,0.24995686999383857,0.05870609981515711,0.4943960149439601,1.9779252914958767,1.0,0.029025454106461755,1.4834596881648956,0.561039253979193,0.18937827953569725,0.3259001185013368,0.36463046655302916
"time_of_day_Midday, weekday_type_Weekday",congestion_level_High,0.1775723967960567,0.25003080714725817,0.08751694393099199,0.49285218598195696,1.9711658399426222,1.0,0.04311837423300074,1.4787980389994542,0.5990630807379131,0.2573374882237843,0.3237751378974007,0.42143841433154033
"time_of_day_Evening Rush, weather_bucket_Clear, weekday_type_Weekday",congestion_level_Severe,0.0322365988909427,0.24995686999383857,0.01569932224276032,0.48700305810397554,1.9483483615232506,1.0,0.007641562884733435,1.4620810939613398,0.5029584322665753,0.05891057060945159,0.31604340954124827,0.274905591367113
"time_of_day_Evening Rush, weather_bucket_Clear",congestion_level_High,0.04692544670363524,0.25003080714725817,0.02279728897104128,0.48581932773109243,1.9430378731088294,1.0,0.011064481655985716,1.4585713413601846,0.5092382237684919,0.08315354189140596,0.3143976083696705,0.2884986239444028
"time_of_day_Midday, weekday_type_Weekday",congestion_level_Severe,0.1775723967960567,0.24995686999383857,0.08576709796672828,0.48299791811242193,1.9323250372127312,1.0,0.04138165746628202,1.45075456421326,0.5866640660790372,0.25095550587726256,0.3107035299645622,0.413062753179658
"time_of_day_Midday, weather_bucket_Clear, weekday_type_Weekday",congestion_level_High,0.04971041281577326,0.25003080714725817,0.02388170055452865,0.4804164600892415,1.9214290653643147,1.0,0.011452565914577457,1.4434044484579969,0.5046398946200412,0.08657196462074511,0.307193488929378,0.28796574606236347
time_of_day_Evening Rush,congestion_level_High,0.1660135551447936,0.25003080714725817,0.07551447935921134,0.4548693586698337,1.8192532506681618,1.0,0.03400597616897274,1.375760480135095,0.5399655116992714,0.22175580806253167,0.27312928780902074,0.3784450292609888
"time_of_day_Midday, weather_bucket_Clouds, weekday_type_Weekday",congestion_level_High,0.07896487985212569,0.25003080714725817,0.03581022797288971,0.45349563046192265,1.8137590148834413,1.0,0.016066575327176463,1.3723022809252914,0.48712457294939054,0.12214189643577673,0.271297574958676,0.29835944657645175
"time_of_day_Evening Rush, weather_bucket_Precipitation, weekday_type_Weekday",congestion_level_Severe,0.02338878619839803,0.24995686999383857,0.010499075785582256,0.4488935721812434,1.7958841146967022,1.0,0.0046528879944755935,1.3609769223247559,0.4537846707086849,0.03994374120956399,0.26523368354266597,0.24544856088849196
"time_of_day_Evening Rush, weather_bucket_Clouds",congestion_level_High,0.07756007393715342,0.25003080714725817,0.034553296364756625,0.4455036542739117,1.7817950490058123,1.0,0.015160888475849135,1.352523237769386,0.4756604863935047,0.11791421362489488,0.2606411689833706,0.2918499050078282
"time_of_day_Evening Rush, weather_bucket_Precipitation",congestion_level_High,0.031719038817005545,0.25003080714725817,0.01392483056069008,0.43900543900543904,1.7558053906008564,1.0,0.005994093683338971,1.3368564421073112,0.44456187392218666,0.05199227017576148,0.2519765260481659,0.2473489491725076
"weather_bucket_Clouds, weekday_type_Weekend",congestion_level_High,0.10442390634627234,0.25003080714725817,0.04581638940234134,0.4387538352607977,1.754799099626108,1.0,0.01970719581311317,1.3362571362981779,0.4802877152652974,0.14844685778168168,0.2516410406081783,0.3109984060483387
"time_of_day_Midday, weather_bucket_Precipitation, weekday_type_Weekday",congestion_level_Severe,0.034183610597658655,0.24995686999383857,0.014023413431916204,0.4102379235760635,1.641234840179331,1.0,0.005478985121837237,1.271772397699934,0.4045310039854745,0.05191605839416059,0.21369578250907817,0.23317062812603212
"weather_bucket_LowVisibility, weekday_type_Weekend",congestion_level_Low,0.027578558225508316,0.25000616142945165,0.011164510166358596,0.4048257372654156,1.6192630411616953,1.0,0.004269700686640633,1.260124782823489,0.3932812407684913,0.041905642923219244,0.20642779696836244,0.22474133866425355
"time_of_day_Midday, weather_bucket_Clouds",congestion_level_Severe,0.11090573012939002,0.24995686999383857,0.04436229205175601,0.39999999999999997,1.6002760796687043,1.0,0.01664064288423232,1.2500718833436022,0.4218988218988219,0.1401650833203551,0.2000460026944435,0.28873989351212775
"time_of_day_Evening Rush, weather_bucket_Clouds",congestion_level_Severe,0.07756007393715342,0.24995686999383857,0.030585335797905115,0.39434381951064507,1.5776474538201957,1.0,0.011198662480083551,1.2383975499104878,0.3969308098139887,0.10300464807436921,0.1925048623745416,0.2583531363378506
"weather_bucket_Clouds, weekday_type_Weekday",congestion_level_Severe,0.26829328404189773,0.24995686999383857,0.10247689463955638,0.3819584787800845,1.528097542546039,1.0,0.03541514512007575,1.2135804865111584,0.4723087898337991,0.2464730290456432,0.17599202433220282,0.39596839340305745
"time_of_day_Midday, weather_bucket_Clear",congestion_level_Severe,0.07139864448552063,0.24995686999383857,0.026987060998151572,0.3779772178115292,1.512169750808795,1.0,0.009140479300747992,1.2058129565082407,0.364740564179865,0.09167782987273947,0.1706839816220155,0.24297204412564233
time_of_day_Midday,congestion_level_Severe,0.24884781269254466,0.24995686999383857,0.09254467036352433,0.3718926413786273,1.487827245507573,1.0,0.030343449998082854,1.194132053559163,0.4365013676014717,0.22779665129822857,0.16257167955633042,0.37106759854378024
time_of_day_Evening Rush,congestion_level_Severe,0.1660135551447936,0.24995686999383857,0.06067775723967961,0.36549881235154397,1.4622475163837405,1.0,0.019181528619137488,1.182098859083178,0.37904842995607174,0.17078246392896784,0.15404706440915772,0.3041258605240268
"time_of_day_Evening Rush, weather_bucket_Clear, weekday_type_Weekday",congestion_level_High,0.0322365988909427,0.25003080714725817,0.01173136167590881,0.363914373088685,1.455478135837693,1.0,0.0036712188355239993,1.179038106071378,0.3233647343879104,0.0433633961920379,0.15185099204973362,0.20541701897411085
"weather_bucket_LowVisibility, weekday_type_Weekend",congestion_level_Medium,0.027578558225508316,0.25000616142945165,0.010030807147258163,0.36371760500446826,1.4548345645757392,1.0,0.0031359976675402,1.1787122266298364,0.32150321771672136,0.03749078850405306,0.15161650366587687,0.20191992237605116
"time_of_day_Evening Rush, weather_bucket_Precipitation, weekday_type_Weekday",congestion_level_High,0.02338878619839803,0.25003080714725817,0.008305606900800986,0.35511064278187565,1.4202675535608285,1.0,0.002457689809420875,1.1629424248647908,0.30299397287486657,0.03132843729664405,0.1401122027891753,0.19416448846831585
weekday_type_Weekend,congestion_level_High,0.2857917436845348,0.25003080714725817,0.10077634011090573,0.3526215936529838,1.4103125837821406,1.0,0.029319599761439177,1.1584711283229512,0.4073564423503613,0.23164513936097894,0.13679333429082538,0.37783864305616166
"time_of_day_Evening Rush, weather_bucket_Clear",congestion_level_Severe,0.04692544670363524,0.24995686999383857,0.01629081947011707,0.34716386554621853,1.3888950743973394,1.0,0.004561481689013713,1.1488995330102425,0.29378940565023287,0.0580588493631972,0.12960187443031634,0.2061691936683962
"weather_bucket_Clear, weekday_type_Weekend",congestion_level_Medium,0.10131854590264941,0.25000616142945165,0.03492298213185459,0.34468499148625636,1.3787059867463378,1.0,0.009592721389119513,1.1444783483160819,0.30565023210603515,0.11037544788907927,0.1262394771632497,0.24218673864533638
"time_of_day_Evening Rush, weekday_type_Weekday",congestion_level_High,0.11874306839186691,0.25003080714725817,0.040690080098582875,0.3426733084267331,1.3705243459255492,1.0,0.011000654865422312,1.1409382921264637,0.30678028641645266,0.1240234375,0.12352840911648685,0.2527067872838446
"weather_bucket_LowVisibility, weekday_type_Weekday",congestion_level_Severe,0.07226124460874923,0.24995686999383857,0.024645717806531114,0.3410641200545702,1.36449188239146,1.0,0.0065835232822690146,1.1382642117898887,0.28793284275961,0.0828225940036442,0.12146934811599863,0.2198320008673561
weather_bucket_LowVisibility,congestion_level_Low,0.09983980283425754,0.25000616142945165,0.033887861983980284,0.33942236484818566,1.3576559989861132,1.0,0.008927296119514268,1.1353606278211104,0.29265501139972716,0.10725429017160688,0.11922258400036584,0.23748523605185307
"weather_bucket_Precipitation, weekday_type_Weekend",congestion_level_Medium,0.049168207024029575,0.25000616142945165,0.016685150955021565,0.3393483709273183,1.357360030596997,1.0,0.004392796252575328,1.135233465818091,0.27688997061870696,0.05906473564822892,0.11912392462869899,0.20304366495892728
weekday_type_Weekday,congestion_level_Severe,0.7142082563154651,0.24995686999383857,0.24120764017252003,0.3377273197832914,1.351142378249561,1.0,0.06268637990014916,1.1325291717615962,0.9093528920050189,0.3336401445421695,0.11702053692396573,0.6513621808934205
"time_of_day_Evening Rush, weather_bucket_Precipitation",congestion_level_Severe,0.031719038817005545,0.24995686999383857,0.010696241528034504,0.3372183372183372,1.3491060966903996,1.0,0.00276784986612273,1.1316594470315706,0.2672452136509126,0.0394724874943156,0.11634193252830917,0.19000534293375942
"weather_bucket_Precipitation, weekday_type_Weekend",congestion_level_High,0.049168207024029575,0.25003080714725817,0.016463339494762783,0.33483709273182954,1.3391833452532265,1.0,0.00416977300656118,1.1274970156301583,0.26637335748409857,0.05822873082287308,0.11307969232973984,0.20034116834718632
weekday_type_Weekend,congestion_level_Medium,0.2857917436845348,0.25000616142945165,0.09454097350585336,0.33080372542255954,1.3231822909128896,1.0,0.023091276699053087,1.1207382154721752,0.3419818119345061,0.21425379803395886,0.10773097035984203,0.3544791497775258
"time_of_day_Evening Rush, weather_bucket_Clouds, weekday_type_Weekday",congestion_level_High,0.056487985212569314,0.25003080714725817,0.018484288354898338,0.3272251308900524,1.3087392494690857,1.0,0.004360551818077249,1.114740201049601,0.25002951701799764,0.0641738684007872,0.10292999296299295,0.2005765871305856
"time_of_day_Midday, weather_bucket_Precipitation",congestion_level_Severe,0.04640788662969809,0.24995686999383857,0.015107825015403574,0.32554434413170474,1.3024020669635101,1.0,0.003507854930415331,1.1120718218910253,0.2434877003293169,0.053715387311601824,0.1007775034713607,0.1929930358008159
"weather_bucket_Clear, weekday_type_Weekend",congestion_level_Low,0.10131854590264941,0.25000616142945165,0.032138016019716574,0.31719776210167844,1.2687597789112384,1.0,0.006807755276981499,1.0984056538523421,0.2357105890808852,0.10068720562118753,0.08958953689578397,0.22287332900036605
"weather_bucket_LowVisibility, weekday_type_Weekday",congestion_level_Low,0.07226124460874923,0.25000616142945165,0.02272335181762169,0.3144611186903138,1.2578134750452958,1.0,0.004657595432873637,1.0940208630292776,0.22093456720325438,0.07585979924304756,0.08594064903747763,0.2026761429413714
"weather_bucket_Clear, weekday_type_Weekend",congestion_level_High,0.10131854590264941,0.25003080714725817,0.03176833025261861,0.31354901483823894,1.2540415255851696,1.0,0.006435572441592652,1.0925313082273644,0.22541718139548514,0.09940618493097865,0.08469442251270275,0.22030333935603422
"weather_bucket_Precipitation, weekday_type_Weekday",congestion_level_Severe,0.1376709796672828,0.24995686999383857,0.04226740603820086,0.3070175438596491,1.2282820786930844,1.0,0.007855598871581458,1.0823407192493975,0.21552651241410564,0.1223863555270106,0.0760765235798397,0.23805817047054628
"weather_bucket_Clear, weekday_type_Weekday",congestion_level_Severe,0.22809611829944548,0.24995686999383857,0.06974738139248306,0.30578065910318747,1.2233336859704034,1.0,0.01273318960460934,1.080412321899926,0.23650812991619616,0.17082151264562082,0.07442743873794341,0.29240916212899465
"weather_bucket_Clouds, weekday_type_Weekend",congestion_level_Medium,0.10442390634627234,0.25000616142945165,0.03174368453481208,0.3039886712296436,1.215924717581111,1.0,0.005637064547711974,1.0775598148604317,0.1982865155959795,0.0983731765065302,0.07197727104409285,0.2154801400312256
"weather_bucket_Precipitation, weekday_type_Weekend",congestion_level_Low,0.049168207024029575,0.25000616142945165,0.014738139248305606,0.29974937343358393,1.1989679443087211,1.0,0.0024457845458593693,1.0710362977439112,0.17453070629417902,0.05181526730785893,0.06632482754650414,0.17935023876726514
"time_of_day_Midday, weather_bucket_LowVisibility",congestion_level_Severe,0.018188539741219964,0.24995686999383857,0.005348120764017252,0.2940379403794038,1.1763547062605313,1.0,0.0008017703005433674,1.0624411323311844,0.15269353953767129,0.020350745568789273,0.05877138076740081,0.1577170573519973
weather_bucket_Clear,congestion_level_Low,0.32941466420209486,0.25000616142945165,0.09569932224276032,0.29051324255573846,1.1620243312992002,1.0,0.013343626527022784,1.0570934985061635,0.2079270365341973,0.19783971060274114,0.054009885205845605,0.3366505487226642
weather_bucket_Clouds,congestion_level_High,0.3727171903881701,0.25003080714725817,0.10750462107208872,0.2884348343582622,1.1535971812800876,1.0,0.01431384112167626,1.0539712018875582,0.21225878482916066,0.2086482349564718,0.05120747302288825,0.3592001673023445
weather_bucket_Clouds,congestion_level_Severe,0.3727171903881701,0.24995686999383857,0.10681454097350586,0.2865833498644449,1.1465311990484965,1.0,0.013651318671181259,1.0513395361092945,0.2037421291077622,0.20706129664134537,0.04883249829953839,0.35695761853309016
weekday_type_Weekend,congestion_level_Low,0.2857917436845348,0.25000616142945165,0.08172520024645717,0.2859606760952052,1.1438145142510796,1.0,0.0102755034396569,1.0503536898628112,0.1760444140095458,0.17998263135041248,0.047939746724161236,0.30642671028735025
"weather_bucket_Clear, weekday_type_Weekday",congestion_level_Low,0.22809611829944548,0.25000616142945165,0.06356130622304375,0.27866018368449486,1.114613264294004,1.0,0.006535871250041278,1.039723333728344,0.1332132579826151,0.1533293697978597,0.03820567687550124,0.26644957133751557
weather_bucket_Clear,congestion_level_Medium,0.32941466420209486,0.25000616142945165,0.08800985828712261,0.26717043244052074,1.0686553919828596,1.0,0.005654162571385082,1.0234219138676826,0.09580384017062248,0.17909624354280557,0.02288588269442768,0.30960059476915625
weather_bucket_Precipitation,congestion_level_High,0.1868391866913124,0.25003080714725817,0.0489463955637708,0.2619707162643451,1.0477537518408873,1.0,0.002230842908604702,1.0161780966964498,0.056049511519717814,0.12617534942820838,0.015920532777712843,0.2288660875555338
weather_bucket_Precipitation,congestion_level_Low,0.1868391866913124,0.25000616142945165,0.04739371534195933,0.25366046695686584,1.014616861866604,1.0,0.0006827674726636312,1.0048963043837622,0.017716406055769206,0.12169345652449057,0.004872447398206791,0.22161532811565687
weather_bucket_LowVisibility,congestion_level_Severe,0.09983980283425754,0.24995686999383857,0.025261860751694395,0.25302394470501116,1.0122704157371158,1.0,0.00030621613444140744,1.0041059879890812,0.013466133861864469,0.07784021871202916,0.004089197792062172,0.17704441171357835
"time_of_day_Morning Rush, weekday_type_Weekend",congestion_level_Low,0.04724584103512015,0.25000616142945165,0.01190388170055453,0.25195618153364635,1.0077998881829358,1.0,9.213033985807154e-05,1.0026068260388712,0.008123313567712346,0.04171704957678355,0.0026000481656107315,0.1497852674229746
weather_bucket_Precipitation,congestion_level_Medium,0.1868391866913124,0.25000616142945165,0.046950092421441776,0.2512861100118718,1.005119668151784,1.0,0.00023914455214607555,1.0017095296341307,0.006263940138960979,0.12041719342604298,0.001706612130120512,0.21954092566839645
